DelayTime,Dimension,MeanRMSE,StdRMSE
10,20,5.01565545259565,1.83265787896618
